"freeze_time","relative_path","bytes","last_write_time","sha256"
"2026-05-09T17:17:51","agents/openai.yaml","250","2026-05-09T16:59:25","6BAD14F353881BD8EF78B90105C60EBB3897510CC0F049B6FF6EE52528E59F64"
"2026-05-09T17:17:51","assets/frozen_pipeline/01_metadata/group_definition.csv","26624","2026-05-06T19:34:40","3E2C2F99E8717D634C0D8B2EFB5749ED2275CCEF8CA42218108F23C82EBE5915"
"2026-05-09T17:17:51","assets/frozen_pipeline/02_config/analysis_config.yaml","49002","2026-05-07T21:32:25","40CD4B2932C286735BD0310E72EB33DEC119A34BEEE150259AEF99DFB58F8841"
"2026-05-09T17:17:51","assets/frozen_pipeline/02_config/classification_rules.yaml","27361","2026-04-28T16:59:07","643D9FED5D5977508C0745397A168B257DAC9E43814A594C471F8FB22352483B"
"2026-05-09T17:17:51","assets/frozen_pipeline/02_config/plot_style_origin.yaml","26648","2026-05-07T21:17:09","A5A5A6B2F84F433DD66CC166203F9B8446A5A599437F84B8B8C547807177EDD5"
"2026-05-09T17:17:51","assets/frozen_pipeline/03_scripts/classify_waveform.py","107","2026-05-05T16:22:06","16BAD3AC7CC88B65DAAB271A590B00A252C10F6BC70A5D725FE464864FFC804B"
"2026-05-09T17:17:51","assets/frozen_pipeline/03_scripts/detect_waveform_format.py","332","2026-05-05T16:22:05","192F1033720A263F99A9B0AFF96A79FF3DAC95BEEAE8B5868C839067640B9C1B"
"2026-05-09T17:17:51","assets/frozen_pipeline/03_scripts/export_report.py","129","2026-05-05T16:22:06","A3C23F96EF27D066CB7BF1EFB14A53FC3A12049D0BDF42FD74CF29C32688B48B"
"2026-05-09T17:17:51","assets/frozen_pipeline/03_scripts/extract_features.py","105","2026-05-05T16:22:05","24600844263F9FA57CE71E91B4555DCA3F4D1F5483DAAB5387473BB31CFEB589"
"2026-05-09T17:17:51","assets/frozen_pipeline/03_scripts/load_waveform.py","334","2026-05-05T16:22:05","DC8AF889A48DB46A449F7A35FAA485D0E26D7AB82626566409113CEB8AA0CCFE"
"2026-05-09T17:17:51","assets/frozen_pipeline/03_scripts/normalize_waveform.py","103","2026-05-05T16:22:05","C9F60FD0EA3B4ACFDA6EF83BC119D2EF4ADD57C8B6BD30AF9C90E1673700CAFC"
"2026-05-09T17:17:51","assets/frozen_pipeline/03_scripts/plot_waveform.py","137","2026-05-05T16:22:06","9378DF38B6BFEF4F75E5373E54D11DB21000B81A8469E3703A11C2D75F3C1544"
"2026-05-09T17:17:51","assets/frozen_pipeline/03_scripts/preprocess.py","111","2026-05-05T16:22:05","BCE685AA8AF7F7B28FA2F5E1B509E897E5CD7589E1DB5D293E77EE174B8D1311"
"2026-05-09T17:17:51","assets/frozen_pipeline/03_scripts/read_waveform.py","135","2026-05-05T16:22:05","510C16C4866EC4A79BAE92FD0277EB6E9EE41242077A55EB11CD1CA73900FE29"
"2026-05-09T17:17:51","assets/frozen_pipeline/03_scripts/requirements.txt","51","2026-05-05T16:22:06","B9FBE176F9274DB3E131639BEC11AC8FA2771D797227788CF9538F6F966D5FF3"
"2026-05-09T17:17:51","assets/frozen_pipeline/03_scripts/run_all.py","141755","2026-05-09T16:28:33","97F39ED4251BBBCFF0918A5BFA12BF49825C5852AA3107B10D25F41B0C8BEB04"
"2026-05-09T17:17:51","assets/frozen_pipeline/03_scripts/summarize_group.py","105","2026-05-05T16:22:06","592AEE298A736C8DD9E3E3A156BBABD6537C9A507D01B0DB7DF4E17146035036"
"2026-05-09T17:17:51","assets/frozen_pipeline/05_docs/file_naming_rule.md","9967","2026-05-07T21:17:43","67C43AB7408B9019B9978CAAE36447CE1486EEC82FDAC4366FD6613A772570FC"
"2026-05-09T17:17:51","assets/frozen_pipeline/05_docs/parameter_definition.md","55648","2026-05-07T21:17:50","696D131BDD53DE2A4376ABFD02CB99B9A64679E4730231D484BE57757CEEC457"
"2026-05-09T17:17:51","assets/frozen_pipeline/05_docs/README.md","19994","2026-05-07T21:18:21","F7169C96B416550C76F1462503012204B29BC6487A36874AE60ACF59D9449623"
"2026-05-09T17:17:51","assets/frozen_pipeline/codex_prompt/project_rules.md","36218","2026-05-07T21:34:16","6568BDBEDAAF732ECFC056E7D22B3623E2CBF739D147236F99C066D97DD7C209"
"2026-05-09T17:17:51","assets/frozen_pipeline/codex_prompt/task_prompt.md","18414","2026-05-07T21:34:05","38FE356F593F50311755598359578420A2E09A2DD86DA01A024178BE88FB92FE"
"2026-05-09T17:17:51","references/pipeline_summary.md","200","2026-05-09T16:59:25","0BDCEC37B5681F0FF8B83FE35B0EB67659F11B9825E6A0F40EBE2F2A894CF9D9"
"2026-05-09T17:17:52","scripts/make_extra_comparison.py","5690","2026-05-09T17:03:39","EAB97CBF3FEB39D8EBE44AA6EBA9A54B98BB99A35013E08D998F57DB291724D7"
"2026-05-09T17:17:52","scripts/run_ml01_breakdown_analysis.py","5061","2026-05-09T17:13:50","26E07E181B87DC288AD05433448FC436E1355D8394D3247BAB5348E527898339"
"2026-05-09T17:17:51","SKILL.md","2683","2026-05-09T16:59:25","904D8CBE27297F77DD9CE44A957F9EDBB4F8761A34A15084EAD4AD47BBBFDF3B"
